<?xml version="1.0" encoding="utf-8"?>
	<modification>
		<name>Shipping Data for Simple checkout and registration</name>
		<code>SD Simple checkout and registration</code>
		<version>2.0.0</version>
		<author>Prorab337</author>
		<link>https://oc-max.com</link>
  		
  		<file path="catalog/controller/checkout/simplecheckout.php">
    		<operation>
    			<search><![CDATA[public function index(]]></search>
    			<add position="after"><![CDATA[
    				/* START Shipping Data */
    				$this->document->addStyle('catalog/view/theme/default/stylesheet/shippingdata.css');
    				/* END Shipping Data */
    			]]></add>
    		</operation>
  		</file>

		<file path="catalog/model/tool/simpleapimain.php|catalog/model/tool/simpleapicustom.php">
			<operation>
				<search><![CDATA[extends Model {]]></search>
				<add position="after"><![CDATA[
					/* START Shipping data */
					public function getShippingCities($zone_id) {
						$this->load->model('extension/module/shippingdata');

						$shipping_method = $this->model_extension_module_shippingdata->getShippingMethod();
						$zone_info = $this->model_extension_module_shippingdata->getZone($zone_id);

						$values = array(
							array(
								'id'   => '',
								'text' => $this->language->get('text_select')
							)
						);

						if ($shipping_method == 'justin') {
							require_once(DIR_SYSTEM . 'helper/justin.php');

							$justin = new Justin($this->registry);

							if ($zone_info) {
								$filter = $justin->getRegionUUID($zone_info['name']);
							} else {
								$filter = '';
							}

							$results = $this->model_extension_module_shippingdata->getJustinCities($filter);

							if (!$results) {
								$values[] = array(
									'id'   => 0,
									'text' => $this->language->get('text_none')
								);
							} else {
								foreach ($results as $result) {
									$values[] = array(
										'id'   => trim($result['description']),
										'text' => trim($result['description'])
									);
								}
							}
						} else {
							require_once(DIR_SYSTEM . 'helper/novaposhta.php');

							$novaposhta = new NovaPoshta($this->registry);

							if ($zone_info) {
								$filter = $novaposhta->getAreaRef($zone_info['name']);
							} else {
								$filter = '';
							}

							$results = $this->model_extension_module_shippingdata->getNovaPoshtaCities($filter);

							if (!$results) {
								$values[] = array(
									'id'   => 0,
									'text' => $this->language->get('text_none')
								);
							} else {
								foreach ($results as $result) {
									$values[] = array(
										'id'   => trim($result['description']),
										'text' => trim($result['description'])
									);
								}
							}
						}

						return $values;
					}

					public function getShippingDepartments($city_name) {
						$this->load->model('extension/module/shippingdata');

						$shipping_method = $this->model_extension_module_shippingdata->getShippingMethod();

						$values = array(
							array(
								'id'   => '',
								'text' => $this->language->get('text_select')
							)
						);

						if ($shipping_method == 'justin') {
							$results = $this->model_extension_module_shippingdata->getJustinDepartments($city_name);

							if (!$results) {
								$values[] = array(
									'id'   => 0,
									'text' => $this->language->get('text_none')
								);
							} else {
								foreach ($results as $result) {
									$values[] = array(
										'id'   => trim($result['description']),
										'text' => trim($result['description'])
									);
								}
							}
						} else {
							$results = $this->model_extension_module_shippingdata->getNovaPoshtaDepartments($city_name);

							if (!$results) {
								$values[] = array(
									'id'   => 0,
									'text' => $this->language->get('text_none')
								);
							} else {
								foreach ($results as $result) {
									$values[] = array(
										'id'   => trim($result['description']),
										'text' => trim($result['description'])
									);
								}
							}
						}

						return $values;
					}

					public function getShippingPoshtomats($city_name) {
						$this->load->model('extension/module/shippingdata');

						$values = array(
							array(
								'id'   => '',
								'text' => $this->language->get('text_select')
							)
						);

						$results = $this->model_extension_module_shippingdata->getNovaPoshtaPoshtomats($city_name);

						if (!$results) {
							$values[] = array(
								'id'   => 0,
								'text' => $this->language->get('text_none')
							);
						} else {
							foreach ($results as $result) {
								$values[] = array(
									'id'   => trim($result['description']),
									'text' => trim($result['description'])
								);
							}
						}

					return $values;
					}
					/* END Shipping data */
					]]></add>
			</operation>
		</file>
  		
  		<file path="catalog/view/theme/*/template/checkout/simplecheckout.twig">
    		<operation>
    			<search><![CDATA[{% include simple_footer %}]]></search>
    			<add position="before"><![CDATA[
					<!-- START Shipping Data -->
					<script type="text/javascript"><!--
						// Autocomplete for shipping addresses
						(function ($) {
							var methods = {
								init: function (options) {
									return this.each(function () {
										var $this = $(this);
										var data = $this.data('autocompleteAddress');

										// If the plugin is not yet initialized
										if (!data) {
											$this.timer = null;
											$this.items = new Array();

											$.extend($this, options);

											$this.attr('autocomplete', 'new-password');

											// Focus
											$this.on('focus.autocompleteAddress', function () {
												$this.request('');
											} );

											// Blur
											$this.on('blur.autocompleteAddress', function () {
												setTimeout(function (object) {
													object.hide();
												}, 200, $this);
											} );

											// Keydown
											$this.on('keydown.autocompleteAddress', function (event) {
												switch (event.keyCode) {
													case 27: // escape
														$this.hide();
														break;
													default:
														$this.request();
														break;
												}
											} );

											// Click
											$this.click = function (event) {
												event.preventDefault();

												var value = $(event.target).parent().attr('data-value');

												if (value && $this.items[value]) {
													$this.select($this.items[value]);
												}
											}

											// Show
											$this.show = function () {
												var pos = $this.position();

												$this.siblings('ul.' + $this.class).css({
													'top': pos.top + $this.outerHeight(),
													'left': pos.left
												});

												$this.siblings('ul.' + $this.class).show();
											}

											// Hide
											$this.hide = function () {
												$this.siblings('ul.' + $this.class).hide();
											}

											// Request
											$this.request = function (search) {
												clearTimeout($this.timer);

												$this.timer = setTimeout(function (object) {
													search = (typeof(search) === 'undefined') ? object.val() : search;

													object.source(search, $.proxy(object.response, object));
												}, 200, $this);
											}

											// Response
											$this.response = function (json) {
												var html = '';

												if (json.length) {
													for (i = 0; i < json.length; i++) {
														this.items[json[i]['value']] = json[i];

														html += '<li data-value="' + json[i]['value'] + '"><a href="#">' + json[i]['label'] + '</a></li>';
													}
												}

												if (html && $this.is(':focus')) {
													$this.show();
												} else {
													$this.hide();
												}

												$this.siblings('ul.' + $this.class).html(html);
											}

											$this.after('<ul class="' + $this.class + '"></ul>');
											$this.siblings('ul.' + $this.class).delegate('a', 'click', $.proxy($this.click, $this));
											$this.data('autocompleteAddress', true);
										}
									} );
								},
								destroy: function () {
									return this.each(function () {
										var $this = $(this);

										$this.removeData('autocompleteAddress');

										$this.off('.autocompleteAddress');
									} );
								}
							};

							$.fn.autocompleteAddress = function (method) {
								if (methods[method]) {
									return methods[method].apply(this, Array.prototype.slice.call(arguments, 1));
								} else if (typeof (method) === 'object' || !method) {
									return methods.init.apply(this, arguments);
								} else {
									$.error('Method "' + method + '" does not exist for jQuery.autocompleteAddress');
								}
							}
						} )(window.jQuery);

						// ShippingData object
						function ShippingData() {
							var self = this;
							var src, method, lang;

							self.methods_city = [
								'novaposhta.warehouse',
								'novaposhta.doors',
								'novaposhta.poshtomat',
								'justin.department'
							];

							self.methods_address = [
								'novaposhta.warehouse',
								'novaposhta.poshtomat',
								'justin.department'
							];

							self.setProp = function () {
								self.method = $('input[name="shipping_method"]:checked').val() || $('select[name="shipping_method"]').val();

								self.lang = $('html').attr('lang') || 'ru';
							}

							self.handlerChanges = function (name, value) {
								if ($.inArray(self.method, self.methods_city.concat(self.methods_address)) != - 1) {
									if (name.match(/zone/i)) {
										$('input[name*="city"]:visible').val('');
										$('input[name*="address_1"]:visible').val('');
									} else if (name.match(/city/i)) {
										$('input[name*="address_1"]:visible').val('');
									} else if (name.match(/shipping\_method/i)) {
										$('input[name*="city"]:visible').autocompleteAddress('destroy');
										$('input[name*="address_1"]:visible').val('').autocompleteAddress('destroy');

										self.method = value;
									}
								} else if ($.inArray(value, self.methods_city.concat(self.methods_address)) != - 1) {
									if (name.match(/shipping\_method/i)) {
										$('input[name*="city"]:visible').val('');
										$('input[name*="address_1"]:visible').val('');

										self.method = value;
									}
								}
							}

							self.getAddress = function (element, search) {
								var filter, action;

								if (element[0].name.match(/city/i)) {
									action = 'getCities';
									filter = $('[name*="zone"]:visible').val() || '';
								} else if (element[0].name.match(/address_1/i) && self.method == 'novaposhta.poshtomat') {
									action = 'getPoshtomats';
									filter = $('[name*="city"]:visible').val();
								} else if (element[0].name.match(/address_1/i)) {
									action = 'getDepartments';
									filter = $('[name*="city"]:visible').val();
								}

								if (!search) {
									search = element[0].value;
								}

								return $.ajax( {
									url: 'index.php?route=extension/module/shippingdata/getShippingData',
									type: 'POST',
									data: 'shipping=' + self.method + '&action=' + action + '&filter=' + encodeURIComponent(filter) + '&search=' + encodeURIComponent(search),
									dataType: 'json',
									global: false,
									success: function (json) {
										self.src = json;
									}
								} );
							}
						}

						// DOOM loaded
						$(function () {
							var shippingData = new ShippingData();

							// Settings properties after DOOM load
							shippingData.setProp();

							// Settings properties after ajaxStop
							$(document).ajaxStop(function () {
								shippingData.setProp();

								//Simple checkout fix
								$('.simplecheckout-block-content').css('overflow', 'visible');
								$('input[name*="city"]:visible, input[name*="address_1"]:visible').blur();
							} );

							// Check changes
							$(document).on('change', '[name*="zone"]:visible, [name*="city"]:visible, [name*="shipping_method"]', function (e) {
								shippingData.handlerChanges(e.target.name, e.target.value);
							});

							// Add autocomplete for address
							$('body').on('focus', 'input[name*="city"]:visible, input[name*="address_1"]:visible', function () {
								if (this.name.match(/city/i) && $.inArray(shippingData.method, shippingData.methods_city) != - 1 || this.name.match(/address_1/i) && $.inArray(shippingData.method, shippingData.methods_address) != - 1) {
									$(this).autocompleteAddress( {
										source: function (request, response) {
											shippingData.getAddress(this, request).done(function () {
												response($.map(shippingData.src, function (item) {
													return {
														label: item['description'],
														value: item['description']
													}
												} ));
											} );
										},
										select: function (e) {
											if (e.value != this.val()) {
												this.val(e.value);

												this.trigger('change');
											}
										},
										class: 'dropdown-address'
									} );
								}
							} );
						} );
					//--></script>
					<!-- END Shipping Data -->
        		]]></add>
    		</operation>
  		</file>


		<file path="catalog/view/theme/*/template/checkout/simplecheckout_shipping.twig">
			<operation>
				<search index="0"><![CDATA[</label>]]></search>
				<add position="replace"><![CDATA[
					<!-- START Shipping Data -->
					{% if quote.text_period %}
						<br/>
						{{ quote.text_period }}
					{% endif %}
					<!-- END Shipping Data -->
					</label>
				]]></add>
			</operation>
		</file>
  
	</modification>